[Header],,,,,,,,,,,
IEMFileVersion,5,,,,,,,,,,
Experiment Name,ViRe0008_2,,,,,,,,,,
Date,2/22/2021,,,,,,,,,,
Workflow,GenerateFASTQ,,,,,,,,,,
Application,FASTQ Only,,,,,,,,,,
Instrument Type,MiSeq,,,,,,,,,,
Assay,Nextera DNA Flex,,,,,,,,,,
Index Adapters,Nextera DNA CD Indexes (96 Indexes plated),,,,,,,,,,
Chemistry,Amplicon,,,,,,,,,,
[Reads],,,,,,,,,,,
251,,,,,,,,,,,
251,,,,,,,,,,,
[Settings],,,,,,,,,,,
ReverseComplement,0,,,,,,,,,,
Adapter,CTGTCTCTTATACACATCT,,,,,,,,,,
[Data],,,,,,,,,,,
Sample_ID,Sample_Name,Sample_Plate,Sample_Well,Index_Plate_Well,I7_Index_ID,index,I5_Index_ID,index2,GenomeFolder,Sample_Project,Description
AA02652,SG-1,ViRe0008_2,A01,A06,H723,TAGCGCTC,H517,GCGTAAGA,,,
AA02653,SG-2,ViRe0008_2,B01,B06,H705,GGACTCCT,H506,ACTGCATA,,,
AA02654,SG-3,ViRe0008_2,C01,C06,H707,CTCTCTAC,H505,GTAAGGAG,,,
AA02655,NC-1,ViRe0008_2,D01,D06,H720,CGGAGCCT,H503,TATCCTCT,,,
AA02656,NC-2,ViRe0008_2,E01,E06,H714,GCTCATGA,H516,CCTAGAGT,,,
AA02657,NC-3,ViRe0008_2,F01,F06,H703,AGGCAGAA,H513,TCGACTAG,,,
TEC02052,TEC02052,ViRe0008_2,G01,G05,H703,AGGCAGAA,H522,TTATGCGA,DNA_escherichia_coli_str_k12_mg1655\sub\folder\Sequence\WholeGenomeFasta,,
